"First name","Last name","Display name","User logon name","User principal name","Street","City","State/province","Zip/Postal Code","Country/region","Job Title","Department","Company","Manager","Description","Office","Telephone number","E-mail","Mobile","Notes","Account status","Last logon date"
"Abel","Silva","Abel Silva","asilva","asilva@mtinter.com.mx",,,,,,,,,,,,,,,,"Enabled","02/12/2021 12:31:19 p. m."
"Abraham","Cortés","Abraham Cortés Hernández","acortes","acortes@mtinter.com.mx",,,,,,,,,,,,,,,,"Disabled","25/10/2021 11:13:00 a. m."
"Abril","Espinosa","Abril Espinosa","gespinosa","gespinosa@mtinter.com.mx",,,,,,,,,,,,,,,,"Enabled","06/12/2021 09:28:44 a. m."
"Agustin","Maldonado","Agustin Maldonado","amaldonado_m","amaldonado_m@mtinter.com.mx",,,,,,,,,,,,,,,,"Enabled","06/12/2021 09:58:10 a. m."
"Ailed","Hernandez Chaviano","Ailed Hernandez Chaviano","achaviano","achaviano@mtinter.com.mx",,,,,,,,,,,,,,,,"Disabled","17/06/2021 08:55:38 a. m."
"Alejandra","Mendez","Alejandra Mendez","amendez_m","amendez_m@mtinter.com.mx",,,,,,,,,,,,,,,,"Enabled","04/10/2021 12:22:22 p. m."
"Alejandra","Mendez","Alejandra Mendez","amendez","amendez@mtinter.com.mx",,,,,,,,,,,,,,,,"Enabled","02/12/2021 11:23:00 a. m."
"Alejandra","Villanueva","Alejandra Villanueva","avillanueva","avillanueva@mtinter.com.mx",,,,,,,,,,,,,,,,"Enabled","18/01/2021 11:26:56 a. m."
"Alejandro","Rodriguez","Alejandro Rodriguez","arodriguez_ext","arodriguez_ext@mtinter.com.mx",,,,,,,,,,,,,,,,"Enabled","20/10/2021 03:47:42 p. m."
"Alejandro","Rodriguez","Alejandro Rodriguez","arodriguez","arodriguez@mtinter.com.mx",,,,,,,,,,,,,,,,"Enabled","29/11/2021 09:25:28 a. m."
"Almacen","Mexico","Almacen Mexico","almacen_mex","almacen_mex@mtinter.com.mx",,,,,,,,,,,,,,,,"Enabled","30/07/2019 02:06:37 p. m."
"Almacen","Monterrey","Almacen Monterrey","almacen_mty","almacen_mty@mtinter.com.mx",,,,,,,,,,,,,,,,"Enabled",
"Ana","Aguilera","Ana Aguilera","aaguilera","aaguilera@mtinter.com.mx",,,,,,,,,,,,,,,,"Enabled","07/12/2021 09:33:04 a. m."
"Ana","Hernandez","Ana Hernandez","ahernandez","ahernandez@mtinter.com.mx",,,,,,,,,,,,,,,,"Disabled","26/07/2021 09:09:28 a. m."
"Antonio","Carrion","Antonio Carrion","acarrion","acarrion@mtinter.com.mx",,,,,,,,,,,,,,,,"Enabled",
"Antonio","Gonzalez","Antonio Gonzalez","agonzalez_mti","agonzalez_mti@mtinter.com.mx",,,,,,,,,,,,,,,,"Enabled","09/12/2021 03:13:58 p. m."
"Antonio","González Maldonado","Antonio González Maldonado","agonzalez_m","agonzalez_m@mtinter.com.mx",,,,,,,,,,,,,,,,"Enabled","07/12/2021 10:53:19 a. m."
"Antonio","Monzon","Antonio Monzon","amonzon","amonzon@mtinter.com.mx",,,,,,,,,,,,,,,,"Enabled",
"Aracely","Merida","Aracely Merida","amerida","amerida@mtinter.com.mx",,,,,,,,,,,,,,,,"Enabled","12/01/2021 02:43:35 p. m."
"Armando","Sanchez","Armando Sanchez","asanchez","asanchez@mtinter.com.mx",,,,,,,,,,,,,,,,"Enabled","06/12/2021 08:49:43 a. m."
"Arreola","Clemente","Arreola Clemente","aclemente","aclemente@mtinter.com.mx",,,,,,,,,,,,,,,,"Enabled","04/02/2020 09:46:12 a. m."
"ASPEL",,"ASPEL","aspel","aspel@mtinter.com.mx",,,,,,,,,,,,,,,,"Enabled","25/11/2021 12:09:17 a. m."
"Aux","Operaciones","Aux Operaciones","auxoperaciones","auxoperaciones@mtinter.com.mx",,,,,,,,,,,,,,,,"Enabled","06/12/2021 11:29:42 a. m."
"Becario01",,"Becario01","becario01","becario01@mtinter.com.mx",,,,,,,,,,,,,,,,"Enabled","16/11/2021 09:15:07 a. m."
"Belinda","Galindez","Belinda Galindez","bgalindez_m","bgalindez_m@mtinter.com.mx",,,,,,,,,,,,,,,,"Enabled","02/12/2021 09:08:11 a. m."
"Belinda","Galindez","Belinda Galindez","bgalindez","bgalindez@mtinter.com.mx",,,,,,,,,,,,,,,,"Enabled","03/12/2021 08:50:17 a. m."
"Berenice","Alvarado","Berenice Alvarado","balvarado","balvarado@mtinter.com.mx",,,,,,,,,,,,,,,,"Enabled","06/12/2021 07:03:10 a. m."
"Berenice","Castelan","Berenice Castelan","bcastelan","bcastelan@mtinter.com.mx",,,,,,,,,,,,,,,,"Enabled","30/11/2021 07:51:35 a. m."
"bot",,"bot","bot","bot@mtinter.com.mx",,,,,,,,,,,,,,,,"Enabled","04/12/2021 10:20:56 p. m."
"Brandon","Guzman","Brandon Guzman","bguzman","bguzman@mtinter.com.mx",,,,,,,,,,,,,,,,"Enabled","19/11/2021 03:41:03 p. m."
"Braulio","Contreras","Braulio Contreras","bcontreras","bcontreras@mtinter.com.mx",,,,,,,,,,,,,,,,"Enabled","09/12/2021 10:06:10 a. m."
"camaras","corporativo","camaras corporativo","camaras_corpo","camaras_corpo@mtinter.com.mx",,,,,,,,,,,,,,,,"Enabled","07/12/2021 09:43:59 a. m."
"Camaras","Vigilancia","Camaras Vigilancia","camaras_vig","camaras_vig@mtinter.com.mx",,,,,,,,,,,,,,,,"Disabled","29/09/2021 05:45:36 p. m."
"Cristian","Leon","Cristian Leon","cleon","cleon@mtinter.com.mx",,,,,,,,,,,,,,,,"Enabled","16/01/2021 12:31:20 p. m."
"Damian","Guerrero","Damian Guerrero","dguerrero","dguerrero@mtinter.com.mx",,,,,,,,,,,,,,,,"Enabled","09/12/2021 11:42:25 a. m."
"Dania Sarai","Vicente Arroyo","Dania Sarai Vicente Arroyo","dvicente","dvicente@mtinter.com.mx",,,,,,,,,,,,,,,,"Enabled",
"Daniel","Nava","Daniel Alejandro Nava Alvarado","dnava","dnava@mtinter.com.mx",,,,,,,,,,,,,,,,"Disabled","05/08/2021 05:48:01 p. m."
"Daniel","Palacios","Daniel Palacios","dpalacios","dpalacios@mtinter.com.mx",,,,,,,,,,,,,,,,"Enabled","07/12/2021 09:49:09 a. m."
"Daniel","Rojas","Daniel Rojas","drojas","drojas@mtinter.com.mx",,,,,,,,,,,,,,,,"Enabled","06/12/2021 10:07:26 a. m."
"Derian Alfredo","Domínguez Pérez","Derian Alfredo Domínguez Pérez","ddominguez","ddominguez@mtinter.com.mx",,,,,,,,,,,,,,,,"Enabled","06/12/2021 09:11:27 a. m."
"Diana","Martell","Diana Martell","dmartell","dmartell@mtinter.com.mx",,,,,,,,,,,,,,,,"Enabled","06/12/2021 01:13:30 p. m."
"Dulce","Diaz","Dulce Diaz","ddiaz","ddiaz@mtinter.com.mx",,,,,,,,,,,,,,,,"Enabled","24/11/2021 01:49:00 p. m."
"Dulce","Diaz","Dulce Diaz","ddiaz_m","ddiaz_m@mtinter.com.mx",,,,,,,,,,,,,,,,"Enabled","21/10/2021 11:19:57 a. m."
"Dulce","Rosas","Dulce Rosas","drosas","drosas@mtinter.com.mx",,,,,,,,,,,,,,,,"Enabled","30/11/2021 09:01:06 a. m."
"Dulcina","Perez","Dulcina Perez","dperez","dperez@mtinter.com.mx",,,,,,,,,,,,,,,,"Enabled","16/01/2021 12:30:03 p. m."
"Edgar","Escobedo","Edgar Escobedo","eescobedo","eescobedo@mtinter.com.mx",,,,,,,,,,,,,,,,"Enabled","02/12/2021 09:28:55 a. m."
"Edgar","Escobedo","Edgar Escobedo","eescobedo_m","eescobedo_m@mtinter.com.mx",,,,,,,,,,,,,,,,"Enabled","29/11/2021 06:09:03 p. m."
"Edgar","Juarez","Edgar Juarez","ejuarez","ejuarez@mtinter.com.mx",,,,,,,,,,,,,,,,"Disabled","08/04/2021 10:38:43 a. m."
"Elizabeth","Illescas","Elizabeth Illescas","eillescas","eillescas@mtinter.com.mx",,,,,,,,,,,,,,,,"Disabled","12/10/2021 02:58:20 p. m."
"Elizabeth","Illescas","Elizabeth Illescas","eillescas_m","eillescas_m@mtinter.com.mx",,,,,,,,,,,,,,,,"Enabled","29/11/2021 09:32:49 a. m."
"Elizabeth","Saldana","Elizabeth Saldana","esaldana_r","esaldana_r@mtinter.com.mx",,,,,,,,,,,,,,,,"Enabled","06/08/2019 05:03:14 p. m."
"Elizabeth","Saldaña","Elizabeth Saldaña","esaldana","esaldana@mtinter.com.mx",,,,,,,,,,,,,,,,"Enabled","07/12/2021 02:01:30 p. m."
"Elvis","Mazariegos","Elvis Mazariegos","emazariegos","emazariegos@mtinter.com.mx",,,,,,,,,,,,,,,,"Enabled",
"escaner",,"escaner","escaner","escaner@mtinter.com.mx",,,,,,,,,,,,,,,,"Enabled","06/12/2021 01:12:40 p. m."
"Esteban","Espino","Esteban Espino","eespino","eespino@mtinter.com.mx",,,,,,,,,,,,,,,,"Enabled","02/12/2021 09:15:27 a. m."
"Estefania","Lopez","Estefania Lopez","elopez","elopez@mtinter.com.mx",,,,,,,,,,,,,,,,"Enabled","29/11/2021 09:14:16 a. m."
"Estefania","López","Estefania López","elopez_m","elopez_m@mtinter.com.mx",,,,,,,,,,,,,,,,"Enabled","01/12/2021 12:21:10 p. m."
"Eva Eloisa","Martinez Zacarias","Eva Eloisa Martinez Zacarias","emartinez","emartinez@mtinter.com.mx",,,,,,,,,,,,,,,,"Enabled","07/12/2021 06:04:58 p. m."
"Exael","Aguilar","Exael Aguilar","eaguilar","eaguilar@mtinter.com.mx",,,,,,,,,,,,,,,,"Enabled","01/12/2021 09:22:58 a. m."
"externo",,"externo","externo1","externo1@mtinter.com.mx",,,,,,,,,,,,,,,,"Enabled","06/02/2021 01:14:29 p. m."
"Fabian","Marin","Fabian Marin","fmarin_m","fmarin_m@mtinter.com.mx",,,,,,,,,,,,,,,,"Enabled","01/12/2021 12:07:05 p. m."
"Fabian","Marin","Fabian Marin","fmarin","fmarin@mtinter.com.mx",,,,,,,,,,,,,,,,"Enabled","02/12/2021 01:58:37 p. m."
"Felipe","Santiago","Felipe Santiago","fsantiago","fsantiago@mtinter.com.mx",,,,,,,,,,,,,,,,"Enabled","06/12/2021 05:05:50 p. m."
"Fortino","Sanchez","Fortino Sanchez","fsanchez_r","fsanchez_r@mtinter.com.mx",,,,,,,,,,,,,,,,"Enabled","06/08/2019 05:09:53 p. m."
"Fortino","Sanchez","Fortino Sanchez","fsanchez","fsanchez@mtinter.com.mx",,,,,,,,,,,,,,,,"Enabled","06/12/2021 11:55:17 a. m."
"Francisco","Bonilla","Francisco Bonilla","fbonilla_m","fbonilla_m@mtinter.com.mx",,,,,,,,,,,,,,,,"Enabled","07/10/2021 08:59:02 a. m."
"Francisco","Bonilla","Francisco Bonilla","fbonilla_p","fbonilla_p@mtinter.com.mx",,,,,,,,,,,,,,,,"Enabled","01/10/2019 10:08:56 a. m."
"Francisco","Bonilla","Francisco Bonilla","fbonilla","fbonilla@mtinter.com.mx",,,,,,,,,,,,,,,,"Enabled","07/12/2021 09:26:34 a. m."
"Francisco Javier","Perez Hernandez","Francisco Javier Perez Hernandez","fperez","fperez@mtinter.com.mx",,,,,,,,,,,,,,,,"Enabled",
"Fredy","Valencia","Fredy Valencia","fvalencia","fvalencia@mtinter.com.mx",,,,,,,,,,,,,,,,"Enabled","07/12/2021 11:15:00 a. m."
"Gabriel","Anselmo","Gabriel Anselmo","ganselmo","ganselmo@mtinter.com.mx",,,,,,,,,,,,,,,,"Enabled","06/12/2021 12:48:20 p. m."
"Gabriela","Lopez","Gabriela Lopez","glopez_r","glopez_r@mtinter.com.mx",,,,,,,,,,,,,,,,"Enabled","06/08/2019 05:02:47 p. m."
"Gabriela","Lopez","Gabriela Lopez","glopez","glopez@mtinter.com.mx",,,,,,,,,,,,,,,,"Enabled","09/12/2021 01:31:06 p. m."
"Gerardo","Castellanos","Gerardo Castellanos","gcastellanos","gcastellanos@mtinter.com.mx",,,,,,,,,,,,,,,,"Enabled","10/12/2021 11:08:42 a. m."
"Gerardo","Rodriguez","Gerardo Rodriguez","grodriguez","grodriguez@mtinter.com.mx",,,,,,,,,,,,,,,,"Enabled","06/12/2021 02:19:50 p. m."
"Guillermo","Carlos","Guillermo Carlos","gcarlos","gcarlos@mtinter.com.mx",,,,,,,,,,,,,,,,"Enabled","03/12/2021 08:46:34 a. m."
"Hector","Ramos","Hector Ramos","hramos","hramos@mtinter.com.mx",,,,,,,,,,,,,,,,"Enabled","09/12/2021 09:05:04 a. m."
"Hugo","Orozco","Hugo Orozco","horozco","horozco@mtinter.com.mx",,,,,,,,,,,,,,,,"Enabled","09/12/2021 04:00:47 p. m."
"Iris","Barrios","Iris Barrios","ibarrios_ar","ibarrios_ar@mtinter.com.mx",,,,,,,,,,,,,,,,"Enabled",
"Iris","Barrios","Iris Barrios","ibarrios_m","ibarrios_m@mtinter.com.mx",,,,,,,,,,,,,,,,"Enabled","09/08/2021 03:03:27 p. m."
"Iris","Barrios","Iris Barrios","ibarrios","ibarrios@mtinter.com.mx",,,,,,,,,,,,,,,,"Enabled","08/11/2021 12:26:48 p. m."
"Irma","Armenta","Irma Armenta","iarmenta","iarmenta@mtinter.com.mx",,,,,,,,,,,,,,,,"Enabled","03/12/2021 12:39:17 p. m."
"Irving","Coria","Irving Coria","icoria_e","icoria_e@mtinter.com.mx",,,,,,,,,,,,,,,,"Enabled","05/06/2021 06:37:53 a. m."
"Irving","Coria","Irving Coria","icoria","icoria@mtinter.com.mx",,,,,,,,,,,,,,,,"Enabled","09/12/2021 10:53:53 a. m."
"Isela","Joaquin","Isela Joaquin","ijoaquin","ijoaquin@mtinter.com.mx",,,,,,,,,,,,,,,,"Enabled","12/01/2021 02:28:47 p. m."
"Jairo Jassiel","Jairo Jassiel Luna Blanco","Jairo Jassiel Luna Blanco","jluna","jluna@mtinter.com.mx",,,,,,,,,,,,,,,,"Enabled","06/12/2021 12:36:20 p. m."
"Javier","Pelcastre","Javier Pelcastre","jpelcastre","jpelcastre@mtinter.com.mx",,,,,,,,,,,,,,,,"Enabled","06/12/2021 05:27:31 p. m."
"Jesús Antonio","Valle Rodrígue","Jesús Antonio Valle Rodrígue","jvalle","jvalle@mtinter.com.mx",,,,,,,,,,,,,,,,"Enabled","06/12/2021 10:11:31 a. m."
"Jesus Onesimo","Duran de Leon","Jesus Onesimo Duran de Leon","jduran","jduran@mtinter.com.mx",,,,,,,,,,,,,,,,"Enabled","29/09/2021 04:24:53 p. m."
"Jorge","Fernandez","Jorge Fernandez","geekmode0n","geekmode0n@mtinter.com.mx",,,,,,,,,,,,,,,,"Enabled","07/12/2021 03:14:55 p. m."
"Jorge","Fernández","Jorge Fernández","jfernandez_m","jfernandez_m@mtinter.com.mx",,,,,,,,,,,,,,,,"Enabled","23/07/2021 11:13:32 a. m."
"Jorge","Fernández","Jorge Fernández","jfernandez_a","jfernandez_a@mtinter.com.mx",,,,,,,,,,,,,,,,"Enabled","27/09/2021 12:11:20 p. m."
"Jorge","Molina","Jorge Molina","jmolina","jmolina@mtinter.com.mx",,,,,,,,,,,,,,,,"Enabled","22/10/2020 03:47:36 p. m."
"Joselito","Escobar","Joselito Escobar","jescobar","jescobar@mtinter.com.mx",,,,,,,,,,,,,,,,"Enabled",
"Juan","Lopez","Juan Lopez","jlopez","jlopez@mtinter.com.mx",,,,,,,,,,,,,,,,"Enabled","06/12/2021 04:40:50 p. m."
"Juan","Monzon","Juan Monzon","jmonzon","jmonzon@mtinter.com.mx",,,,,,,,,,,,,,,,"Enabled",
"Kalid Kevin","Vargas Rodriguez","Kalid Kevin Vargas Rodriguez","kvargas","kvargas@mtinter.com.mx",,,,,,,,,,,,,,,,"Enabled","06/12/2021 06:47:30 p. m."
"Karen Nayeli","Vazquez Rubio","Karen Nayeli Vazquez Rubio","kvazquez","kvazquez@mtinter.com.mx",,,,,,,,,,,,,,,,"Enabled","25/11/2021 09:55:05 p. m."
"Laura","Medina","Laura Medina","lmedina","lmedina@mtinter.com.mx",,,,,,,,,,,,,,,,"Enabled","06/12/2021 01:10:16 p. m."
"Leticia","Barcenas Hernández","Leticia Barcenas Hernández","lbarcenas","lbarcenas@mtinter.com.mx",,,,,,,,,,,,,,,,"Enabled","07/12/2021 11:43:46 a. m."
"Leticia","Torrecilla","Leticia Torrecilla","ltorrecilla","ltorrecilla@mtinter.com.mx",,,,,,,,,,,,,,,,"Enabled","06/12/2021 03:58:36 p. m."
"Lizeth","Rodriguez Chavez","Lizeth Rodriguez Chavez","lrodriguez","lrodriguez@mtinter.com.mx",,,,,,,,,,,,,,,,"Enabled",
"Loreli","Luna","Loreli Luna","lluna","lluna@mtinter.com.mx",,,,,,,,,,,,,,,,"Enabled","19/10/2021 09:01:07 p. m."
"Loreli","Luna","Loreli Luna","lluna_m","lluna_m@mtinter.com.mx",,,,,,,,,,,,,,,,"Enabled",
"Lorena","Ramirez","Lorena Ramirez","lramirez_a","lramirez_a@mtinter.com.mx",,,,,,,,,,,,,,,,"Enabled","18/06/2021 03:16:36 p. m."
"Lorena","Ramirez","Lorena Ramirez","lramirez_m","lramirez_m@mtinter.com.mx",,,,,,,,,,,,,,,,"Enabled","30/11/2021 11:15:02 a. m."
"Lorena","Ramirez","Lorena Ramirez","lramirez","lramirez@mtinter.com.mx",,,,,,,,,,,,,,,,"Enabled","04/12/2021 02:03:59 p. m."
"Luis Alberto","Samoaya","Luis Alberto Samoaya","lsamayoa","lsamayoa@mtinter.com.mx",,,,,,,,,,,,,,,,"Enabled",
"Luis","Gomez","Luis Gomez","lgomez","lgomez@mtinter.com.mx",,,,,,,,,,,,,,,,"Enabled","07/12/2021 06:39:28 p. m."
"Luis","Gómez","Luis Gómez","lgomez_r","lgomez_r@mtinter.com.mx",,,,,,,,,,,,,,,,"Enabled","28/02/2021 09:19:33 a. m."
"Marco","Merida","Marco Merida","mmerida","mmerida@mtinter.com.mx",,,,,,,,,,,,,,,,"Enabled",
"Maria","Rabanales","Maria Rabanales","mrabanales","mrabanales@mtinter.com.mx",,,,,,,,,,,,,,,,"Disabled","12/01/2021 12:13:29 p. m."
"Maria","Rocha","Maria Rocha","mrocha","mrocha@mtinter.com.mx",,,,,,,,,,,,,,,,"Enabled","09/12/2021 10:55:32 a. m."
"Maricela","Flores","Maricela Flores","mflores","mflores@mtinter.com.mx",,,,,,,,,,,,,,,,"Enabled","09/12/2021 08:58:40 a. m."
"Martha","Quiroa","Martha Quiroa","mquiroa","mquiroa@mtinter.com.mx",,,,,,,,,,,,,,,,"Enabled","12/03/2020 10:47:24 a. m."
"Martin","Guardia","Martin Guardia","mguardia","mguardia@mtinter.com.mx",,,,,,,,,,,,,,,,"Enabled",
"Mayra","Luna","Mayra Luna","mluna","mluna@mtinter.com.mx",,,,,,,,,,,,,,,,"Enabled","09/12/2021 08:50:31 a. m."
"Melisa","Contreras","Melisa Contreras","mcontreras","mcontreras@mtinter.com.mx",,,,,,,,,,,,,,,,"Enabled","29/11/2021 12:43:34 p. m."
"Melissa","Modesto","Melisa Modesto","mmodesto_m","mmodesto_m@mtinter.com.mx",,,,,,,,,,,,,,,,"Enabled","20/07/2021 04:01:32 p. m."
"Melissa","Contreras","Melissa Contreras","mcontreras_m","mcontreras_m@mtinter.com.mx",,,,,,,,,,,,,,,,"Enabled","08/12/2021 11:31:58 a. m."
"Melissa","Modesto","Melissa Modesto","mmodesto","mmodesto@mtinter.com.mx",,,,,,,,,,,,,,,,"Enabled","02/12/2021 01:58:31 p. m."
"Mericela","Flores","Mericela Flores","mflores_m","mflores_m@mtinter.com.mx",,,,,,,,,,,,,,,,"Enabled","25/01/2021 03:55:58 p. m."
"Merit","Garcia","Merit Garcia","mgarcia","mgarcia@mtinter.com.mx",,,,,,,,,,,,,,,,"Enabled","29/11/2021 03:18:43 p. m."
"Merit","Garcia","Merit Garcia","mgarcia_m","mgarcia_m@mtinter.com.mx",,,,,,,,,,,,,,,,"Enabled","26/11/2021 03:25:42 p. m."
"Miguel","Perez","Miguel Perez","mperez","mperez@mtinter.com.mx",,,,,,,,,,,,,,,,"Enabled","27/07/2021 05:28:41 p. m."
"Miguel","Perez","Miguel Perez","mperez_m","mperez_m@mtinter.com.mx",,,,,,,,,,,,,,,,"Enabled","17/11/2021 05:48:50 p. m."
"Miriam","Guzman","Miriam Guzman","mguzman","mguzman@mtinter.com.mx",,,,,,,,,,,,,,,,"Enabled","30/11/2021 08:53:31 a. m."
"Miriam","Guzman","Miriam Guzman","mguzman_m","mguzman_m@mtinter.com.mx",,,,,,,,,,,,,,,,"Enabled","03/12/2021 10:32:17 a. m."
"Mayra","Luna","Mayra Luna","mluna_a","mluna_a@mtinter.com.mx",,,,,,,,,,,,,,,,"Enabled","27/09/2021 11:49:05 a. m."
"Montserrat","Mendoza","Montserrat Mendoza","mmendoza","mmendoza@mtinter.com.mx",,,,,,,,,,,,,,,,"Enabled","06/12/2021 08:50:43 a. m."
"Myriam","Gonzalez","Myriam Gonzalez","mgonzalez","mgonzalez@mtinter.com.mx",,,,,,,,,,,,,,,,"Enabled","02/12/2021 12:32:15 p. m."
"Nancy","Perales","Nancy Perales","nperales","nperales@mtinter.com.mx",,,,,,,,,,,,,,,,"Enabled","06/12/2021 12:10:40 p. m."
"Nancy","Perales","Nancy Perales","nperales_m","nperales_m@mtinter.com.mx",,,,,,,,,,,,,,,,"Enabled",
"Nancy","Rivera","Nancy Rivera","nrivera_m","nrivera_m@mtinter.com.mx",,,,,,,,,,,,,,,,"Enabled","01/11/2021 01:59:43 p. m."
"Nancy","Rivera","Nancy Rivera","nrivera","nrivera@mtinter.com.mx",,,,,,,,,,,,,,,,"Enabled","06/12/2021 09:58:00 a. m."
"Narcedalia","Navarro","Narcedalia Navarro","nnavarro","nnavarro@mtinter.com.mx",,,,,,,,,,,,,,,,"Enabled","09/12/2021 01:19:15 p. m."
"Nayeli","Jimenez","Nayeli Jimenez","njimenez","njimenez@mtinter.com.mx",,,,,,,,,,,,,,,,"Enabled","02/12/2021 11:19:25 a. m."
"Nayeli","Jiménez","Nayeli Jiménez","njimenez_m","njimenez_m@mtinter.com.mx",,,,,,,,,,,,,,,,"Enabled",
"Nestor","Hernandez","Nestor Hernandez","nhernandez","nhernandez@mtinter.com.mx",,,,,,,,,,,,,,,,"Enabled","08/12/2021 08:40:36 a. m."
"Néstor","Hernández","Néstor Hernández","nhernandez_a","nhernandez_a@mtinter.com.mx",,,,,,,,,,,,,,,,"Enabled","27/09/2021 01:48:47 p. m."
"Néstor","Hernández","Néstor Hernández","nhernandez_m","nhernandez_m@mtinter.com.mx",,,,,,,,,,,,,,,,"Enabled","27/09/2021 11:01:00 a. m."
"Noe","Lazaro","Noe Lazaro","nlazaro","nlazaro@mtinter.com.mx",,,,,,,,,,,,,,,,"Enabled","07/12/2021 10:25:57 a. m."
"Norma","Aleman","Norma Aleman","naleman","naleman@mtinter.com.mx",,,,,,,,,,,,,,,,"Disabled","05/04/2021 04:06:56 p. m."
"Norma","Almanán","Norma Almanán","naleman_m","naleman_m@mtinter.com.mx",,,,,,,,,,,,,,,,"Disabled","08/04/2021 09:33:40 a. m."
"Norma","Guerrero","Norma Guerrero","nguerrero","nguerrero@mtinter.com.mx",,,,,,,,,,,,,,,,"Enabled","03/12/2021 10:02:05 a. m."
"Pablo","Garcia","Pablo Garcia","pgarcia","pgarcia@mtinter.com.mx",,,,,,,,,,,,,,,,"Disabled","14/10/2021 11:42:18 a. m."
"Paola","Reyes","Paola Reyes","preyes","preyes@mtinter.com.mx",,,,,,,,,,,,,,,,"Enabled","02/12/2021 03:32:52 p. m."
"Paola","Reyes","Paola Reyes","preyes_m","preyes_m@mtinter.com.mx",,,,,,,,,,,,,,,,"Enabled","01/10/2021 05:36:27 p. m."
"Patricia","Coba","Patricia Coba","pcoba","pcoba@mtinter.com.mx",,,,,,,,,,,,,,,,"Enabled","02/12/2021 08:26:23 a. m."
"Patricia","Escobar","Patricia Escobar","pescobar","pescobar@mtinter.com.mx",,,,,,,,,,,,,,,,"Enabled","11/01/2021 05:18:12 p. m."
"Perla","Lopez","Perla Lopez","plopez_m","plopez_m@mtinter.com.mx",,,,,,,,,,,,,,,,"Enabled","29/10/2019 12:11:51 p. m."
"Prestamo",,"Prestamo","prestamo","prestamo@mtinter.com.mx",,,,,,,,,,,,,,,,"Enabled","29/11/2021 04:12:02 p. m."
"TI",,"TI","prueba","pruebas@mtinter.com.mx",,,,,,,,,,,,,,,,"Enabled","29/11/2021 01:33:32 p. m."
"random",,"random","random","random@mtinter.com.mx",,,,,,,,,,,,,,,,"Enabled","27/07/2021 11:50:11 a. m."
"Rosa","Flores","Rosa Flores","rflores","rflores@mtinter.com.mx",,,,,,,,,,,,,,,,"Enabled","30/11/2021 01:49:23 p. m."
"Sandra","Diaz","Sandra Diaz","sdiaz","sdiaz@mtinter.com.mx",,,,,,,,,,,,,,,,"Enabled","03/12/2021 12:03:35 p. m."
"Sandra","Jimenez","Sandra Jimenez","sjimenez","sjimenez@mtinter.com.mx",,,,,,,,,,,,,,,,"Enabled","06/12/2021 05:31:21 p. m."
"SHUKI","ORDAZ","SHUKI ORDAZ","sordaz","sordaz@mtinter.com.mx",,,,,,,,,,,,,,,,"Disabled",
"Silvia","Ramirez","Silvia Ramirez","sramirez","sramirez@mtinter.com.mx",,,,,,,,,,,,,,,,"Enabled","29/01/2019 03:20:00 p. m."
"SISTEMAS",,"SISTEMAS","sistemas","sistemas@mtinter.com.mx",,,,,,,,,,,,,,,,"Enabled","19/11/2021 09:51:33 a. m."
"Susana","Lopez","Susana Lopez","slopez","slopez@mtinter.com.mx",,,,,,,,,,,,,,,,"Disabled","23/12/2019 02:56:54 p. m."
,,"SYSMTI","sysmti","sysmti@mtinter.com.mx",,,,,,,,,,,,,,,,"Enabled","29/11/2021 10:59:26 a. m."
"Teresa","Caraveo","Teresa Caraveo","tcaraveo_m","tcaraveo_m@mtinter.com.mx",,,,,,,,,,,,,,,,"Enabled","09/12/2021 01:36:45 p. m."
"Teresa","Caraveo","Teresa Caraveo","tcaraveo","tcaraveo@mtinter.com.mx",,,,,,,,,,,,,,,,"Enabled","03/12/2021 01:57:21 p. m."
"Teresa","Villegas","Teresa Villegas","tvillegas","tvillegas@mtinter.com.mx",,,,,,,,,,,,,,,,"Enabled","06/12/2021 03:50:58 p. m."
"Valentin","Cruz","Valentin Cruz","vcruz_r","vcruz_r@mtinter.com.mx",,,,,,,,,,,,,,,,"Enabled","07/08/2019 09:04:07 a. m."
"Valentin","Cruz","Valentin Cruz","vcruz","vcruz@mtinter.com.mx",,,,,,,,,,,,,,,,"Enabled","06/12/2021 10:47:48 a. m."
"Vanessa","Guzman","Vanessa Guzman","vguzman","vguzman@mtinter.com.mx",,,,,,,,,,,,,,,,"Enabled","06/12/2021 01:39:16 p. m."
"Ventanilla",,"Ventanilla","ventanilla1","ventanilla1@mtinter.com.mx",,,,,,,,,,,,,,,,"Enabled","14/03/2019 08:57:24 a. m."
"Veronica","Lemus","Veronica Lemus","vlemus_m","vlemus_m@mtinter.com.mx",,,,,,,,,,,,,,,,"Enabled","03/12/2021 10:08:41 a. m."
"Veronica","Lemus","Veronica Lemus","vlemus","vlemus@mtinter.com.mx",,,,,,,,,,,,,,,,"Enabled","09/12/2021 10:24:35 a. m."
"Vianey","Vilchiz","Vianey Vilchiz","vvilchiz","vvilchiz@mtinter.com.mx",,,,,,,,,,,,,,,,"Enabled","03/12/2021 08:45:03 a. m."
"Vianey","Vilchiz","Vianey Vilchiz","vvilchiz_e","vvilchiz_e@mtinter.com.mx",,,,,,,,,,,,,,,,"Enabled","22/01/2021 05:06:37 p. m."
"Victor Manuel","Muñoz Rodriguez","Victor Manuel Muñoz Rodríguez","vmunoz","vmunoz@mtinter.com.mx",,,,,,,,,,,,,,,,"Enabled","10/12/2021 08:22:07 a. m."
"Victor","Osorio","Victor Osorio","vosorio_m","vosorio_m@mtinter.com.mx",,,,,,,,,,,,,,,,"Enabled","26/10/2021 12:12:54 p. m."
"Victor","Osorio","Victor Osorio","vosorio","vosorio@mtinter.com.mx",,,,,,,,,,,,,,,,"Enabled","09/12/2021 03:46:32 p. m."
"Vigilancia","HGO","Vigilancia HGO","vigilancia_hgo","vigilancia_hgo@mtinter.com.mx",,,,,,,,,,,,,,,,"Enabled","06/12/2021 08:23:26 a. m."
"Vigilancia","Mexico","Vigilancia Mexico","vigilancia_mex","vigilancia_mex@mtinter.com.mx",,,,,,,,,,,,,,,,"Enabled","08/12/2021 07:29:03 a. m."
"Viridiana","Rodriguez","Viridiana Rodriguez","vrodriguez","vrodriguez@mtinter.com.mx",,,,,,,,,,,,,,,,"Enabled","13/09/2021 09:06:12 a. m."
"Wendy","Chavez","Wendy Chavez","wchavez_m","wchavez_m@mtinter.com.mx",,,,,,,,,,,,,,,,"Enabled","06/11/2020 02:01:44 p. m."
"Wendy","Chavez","Wendy Chavez","wchavez","wchavez@mtinter.com.mx",,,,,,,,,,,,,,,,"Enabled","18/11/2021 05:22:23 p. m."
"William","Peñaloza","William Peñaloza","wpenaloza","wpenaloza@mtinter.com.mx",,,,,,,,,,,,,,,,"Enabled","11/01/2021 02:56:47 p. m."
"Yadira","Mendoza","Yadira Mendoza","ymendoza","ymendoza@mtinter.com.mx",,,,,,,,,,,,,,,,"Enabled","07/12/2021 11:53:38 a. m."
"Yazmin","alvarez","Yazmin alvarez","yalvarez","yalvarez@mtinter.com.mx",,,,,,,,,,,,,,,,"Enabled","09/12/2021 12:11:19 p. m."
"Yesenia","Escobar","Yesenia Escobar","yescobar_m","yescobar_m@mtinter.com.mx",,,,,,,,,,,,,,,,"Enabled","30/11/2021 02:51:39 p. m."
"Yesenia","Escobar","Yesenia Escobar","yescobar","yescobar@mtinter.com.mx",,,,,,,,,,,,,,,,"Enabled","29/11/2021 03:19:00 p. m."
"Yessenia","Escobar","Yessenia Escobar","yescobar_a","yescobar_a@mtinter.com.mx",,,,,,,,,,,,,,,,"Enabled","30/11/2021 04:36:26 p. m."
"Zuleyma","Angeles","Zuleyma Angeles","zangeles","zangeles@mtinter.com.mx",,,,,,,,,,,,,,,,"Enabled","06/12/2021 11:04:09 a. m."
